method,store,variable,source_id,experiment_id,msft_val,osn_data_val,osn_rechunked_val,classification
DeepSD,CMIP.CCCma.CanESM5.historical.r1i1p1f1.day.DeepSD.pr.zarr,pr,CanESM5,historical,0.0,0.0,0.0,ok
DeepSD,CMIP.CCCma.CanESM5.historical.r1i1p1f1.day.DeepSD.tasmax.zarr,tasmax,CanESM5,historical,297.83514404296875,297.83514404296875,nan,bad_rechunk
DeepSD,CMIP.CCCma.CanESM5.historical.r1i1p1f1.day.DeepSD.tasmin.zarr,tasmin,CanESM5,historical,297.4331970214844,297.4331970214844,nan,bad_rechunk
DeepSD,CMIP.MRI.MRI-ESM2-0.historical.r1i1p1f1.day.DeepSD.pr.zarr,pr,MRI-ESM2-0,historical,4.1254119873046875,4.1254119873046875,4.1254119873046875,ok
DeepSD,CMIP.MRI.MRI-ESM2-0.historical.r1i1p1f1.day.DeepSD.tasmax.zarr,tasmax,MRI-ESM2-0,historical,300.58551025390625,300.58551025390625,nan,bad_rechunk
DeepSD,CMIP.MRI.MRI-ESM2-0.historical.r1i1p1f1.day.DeepSD.tasmin.zarr,tasmin,MRI-ESM2-0,historical,,298.7703857421875,nan,bad_rechunk
DeepSD,ScenarioMIP.CCCma.CanESM5.ssp245.r1i1p1f1.day.DeepSD.pr.zarr,pr,CanESM5,ssp245,0.9723596572875977,0.9723596572875977,0.9723596572875977,ok
DeepSD,ScenarioMIP.CCCma.CanESM5.ssp245.r1i1p1f1.day.DeepSD.tasmax.zarr,tasmax,CanESM5,ssp245,301.4004821777344,301.4004821777344,nan,bad_rechunk
DeepSD,ScenarioMIP.CCCma.CanESM5.ssp245.r1i1p1f1.day.DeepSD.tasmin.zarr,tasmin,CanESM5,ssp245,299.5939025878906,299.5939025878906,299.5939025878906,ok
DeepSD,ScenarioMIP.CCCma.CanESM5.ssp370.r1i1p1f1.day.DeepSD.pr.zarr,pr,CanESM5,ssp370,1.1086031198501587,1.1086031198501587,1.1086031198501587,ok
DeepSD,ScenarioMIP.CCCma.CanESM5.ssp370.r1i1p1f1.day.DeepSD.tasmax.zarr,tasmax,CanESM5,ssp370,301.36126708984375,301.36126708984375,nan,bad_rechunk
DeepSD,ScenarioMIP.CCCma.CanESM5.ssp370.r1i1p1f1.day.DeepSD.tasmin.zarr,tasmin,CanESM5,ssp370,299.5826110839844,299.5826110839844,nan,bad_rechunk
DeepSD,ScenarioMIP.CCCma.CanESM5.ssp585.r1i1p1f1.day.DeepSD.pr.zarr,pr,CanESM5,ssp585,1.1161218881607056,1.1161218881607056,1.1161218881607056,ok
DeepSD,ScenarioMIP.CCCma.CanESM5.ssp585.r1i1p1f1.day.DeepSD.tasmax.zarr,tasmax,CanESM5,ssp585,301.3591613769531,301.3591613769531,301.3591613769531,ok
DeepSD,ScenarioMIP.CCCma.CanESM5.ssp585.r1i1p1f1.day.DeepSD.tasmin.zarr,tasmin,CanESM5,ssp585,299.60980224609375,299.60980224609375,nan,bad_rechunk
DeepSD,ScenarioMIP.MRI.MRI-ESM2-0.ssp245.r1i1p1f1.day.DeepSD.pr.zarr,pr,MRI-ESM2-0,ssp245,9.510936737060547,9.510936737060547,9.510936737060547,ok
DeepSD,ScenarioMIP.MRI.MRI-ESM2-0.ssp245.r1i1p1f1.day.DeepSD.tasmax.zarr,tasmax,MRI-ESM2-0,ssp245,301.2107238769531,301.2107238769531,nan,bad_rechunk
DeepSD,ScenarioMIP.MRI.MRI-ESM2-0.ssp245.r1i1p1f1.day.DeepSD.tasmin.zarr,tasmin,MRI-ESM2-0,ssp245,299.1361083984375,299.1361083984375,nan,bad_rechunk
DeepSD,ScenarioMIP.MRI.MRI-ESM2-0.ssp370.r1i1p1f1.day.DeepSD.pr.zarr,pr,MRI-ESM2-0,ssp370,,9.482458114624023,9.482458114624023,osn_fixed_somehow
DeepSD,ScenarioMIP.MRI.MRI-ESM2-0.ssp370.r1i1p1f1.day.DeepSD.tasmax.zarr,tasmax,MRI-ESM2-0,ssp370,301.21893310546875,301.21893310546875,301.21893310546875,ok
DeepSD,ScenarioMIP.MRI.MRI-ESM2-0.ssp370.r1i1p1f1.day.DeepSD.tasmin.zarr,tasmin,MRI-ESM2-0,ssp370,299.13580322265625,299.13580322265625,nan,bad_rechunk
DeepSD,ScenarioMIP.MRI.MRI-ESM2-0.ssp585.r1i1p1f1.day.DeepSD.tasmax.zarr,tasmax,MRI-ESM2-0,ssp585,301.2121276855469,301.2121276855469,nan,bad_rechunk
DeepSD,ScenarioMIP.MRI.MRI-ESM2-0.ssp585.r1i1p1f1.day.DeepSD.tasmin.zarr,tasmin,MRI-ESM2-0,ssp585,299.1356506347656,299.1356506347656,nan,bad_rechunk
DeepSD-BC,CMIP.CCCma.CanESM5.historical.r1i1p1f1.day.DeepSD-BC.pr.zarr,pr,CanESM5,historical,0.4425046145915985,0.4425046145915985,0.4425046145915985,ok
DeepSD-BC,CMIP.CCCma.CanESM5.historical.r1i1p1f1.day.DeepSD-BC.tasmax.zarr,tasmax,CanESM5,historical,298.9036865234375,298.9036865234375,298.9036865234375,ok
DeepSD-BC,CMIP.CCCma.CanESM5.historical.r1i1p1f1.day.DeepSD-BC.tasmin.zarr,tasmin,CanESM5,historical,298.1386413574219,298.1386413574219,298.1386413574219,ok
DeepSD-BC,CMIP.MRI.MRI-ESM2-0.historical.r1i1p1f1.day.DeepSD-BC.pr.zarr,pr,MRI-ESM2-0,historical,3.6468517780303955,3.6468517780303955,3.6468517780303955,ok
DeepSD-BC,CMIP.MRI.MRI-ESM2-0.historical.r1i1p1f1.day.DeepSD-BC.tasmax.zarr,tasmax,MRI-ESM2-0,historical,300.60247802734375,300.60247802734375,300.60247802734375,ok
DeepSD-BC,CMIP.MRI.MRI-ESM2-0.historical.r1i1p1f1.day.DeepSD-BC.tasmin.zarr,tasmin,MRI-ESM2-0,historical,298.9033508300781,298.9033508300781,298.9033508300781,ok
DeepSD-BC,ScenarioMIP.CCCma.CanESM5.ssp245.r1i1p1f1.day.DeepSD-BC.pr.zarr,pr,CanESM5,ssp245,0.961303174495697,0.961303174495697,0.961303174495697,ok
DeepSD-BC,ScenarioMIP.CCCma.CanESM5.ssp245.r1i1p1f1.day.DeepSD-BC.tasmax.zarr,tasmax,CanESM5,ssp245,300.02520751953125,300.02520751953125,300.02520751953125,ok
DeepSD-BC,ScenarioMIP.CCCma.CanESM5.ssp245.r1i1p1f1.day.DeepSD-BC.tasmin.zarr,tasmin,CanESM5,ssp245,298.6112060546875,298.6112060546875,298.6112060546875,ok
DeepSD-BC,ScenarioMIP.CCCma.CanESM5.ssp370.r1i1p1f1.day.DeepSD-BC.pr.zarr,pr,CanESM5,ssp370,1.1138910055160522,1.1138910055160522,1.1138910055160522,ok
DeepSD-BC,ScenarioMIP.CCCma.CanESM5.ssp370.r1i1p1f1.day.DeepSD-BC.tasmax.zarr,tasmax,CanESM5,ssp370,300.2061767578125,300.2061767578125,300.2061767578125,ok
DeepSD-BC,ScenarioMIP.CCCma.CanESM5.ssp370.r1i1p1f1.day.DeepSD-BC.tasmin.zarr,tasmin,CanESM5,ssp370,298.9281005859375,298.9281005859375,298.9281005859375,ok
DeepSD-BC,ScenarioMIP.CCCma.CanESM5.ssp585.r1i1p1f1.day.DeepSD-BC.pr.zarr,pr,CanESM5,ssp585,1.0986322164535522,1.0986322164535522,1.0986322164535522,ok
DeepSD-BC,ScenarioMIP.CCCma.CanESM5.ssp585.r1i1p1f1.day.DeepSD-BC.tasmax.zarr,tasmax,CanESM5,ssp585,300.5640563964844,300.5640563964844,300.5640563964844,ok
DeepSD-BC,ScenarioMIP.CCCma.CanESM5.ssp585.r1i1p1f1.day.DeepSD-BC.tasmin.zarr,tasmin,CanESM5,ssp585,299.41015625,299.41015625,299.41015625,ok
DeepSD-BC,ScenarioMIP.MRI.MRI-ESM2-0.ssp245.r1i1p1f1.day.DeepSD-BC.pr.zarr,pr,MRI-ESM2-0,ssp245,5.935669422149658,5.935669422149658,5.935669422149658,ok
DeepSD-BC,ScenarioMIP.MRI.MRI-ESM2-0.ssp245.r1i1p1f1.day.DeepSD-BC.tasmax.zarr,tasmax,MRI-ESM2-0,ssp245,300.0286560058594,300.0286560058594,300.0286560058594,ok
DeepSD-BC,ScenarioMIP.MRI.MRI-ESM2-0.ssp245.r1i1p1f1.day.DeepSD-BC.tasmin.zarr,tasmin,MRI-ESM2-0,ssp245,298.3724670410156,298.3724670410156,298.3724670410156,ok
DeepSD-BC,ScenarioMIP.MRI.MRI-ESM2-0.ssp370.r1i1p1f1.day.DeepSD-BC.pr.zarr,pr,MRI-ESM2-0,ssp370,5.8964385986328125,5.8964385986328125,5.8964385986328125,ok
DeepSD-BC,ScenarioMIP.MRI.MRI-ESM2-0.ssp370.r1i1p1f1.day.DeepSD-BC.tasmax.zarr,tasmax,MRI-ESM2-0,ssp370,300.2012939453125,300.2012939453125,300.2012939453125,ok
DeepSD-BC,ScenarioMIP.MRI.MRI-ESM2-0.ssp370.r1i1p1f1.day.DeepSD-BC.tasmin.zarr,tasmin,MRI-ESM2-0,ssp370,298.5346374511719,298.5346374511719,298.5346374511719,ok
DeepSD-BC,ScenarioMIP.MRI.MRI-ESM2-0.ssp585.r1i1p1f1.day.DeepSD-BC.tasmax.zarr,tasmax,MRI-ESM2-0,ssp585,300.33746337890625,300.33746337890625,nan,bad_rechunk
DeepSD-BC,ScenarioMIP.MRI.MRI-ESM2-0.ssp585.r1i1p1f1.day.DeepSD-BC.tasmin.zarr,tasmin,MRI-ESM2-0,ssp585,298.657958984375,298.657958984375,nan,bad_rechunk
GARD-MV,CMIP.MRI.MRI-ESM2-0.historical.r1i1p1f1.day.GARD-MV.pr.zarr,pr,MRI-ESM2-0,historical,6.652392387390137,6.652392387390137,6.652392387390137,ok
GARD-MV,CMIP.MRI.MRI-ESM2-0.historical.r1i1p1f1.day.GARD-MV.tasmax.zarr,tasmax,MRI-ESM2-0,historical,300.548095703125,300.548095703125,nan,bad_rechunk
GARD-MV,CMIP.NCC.NorESM2-LM.historical.r1i1p1f1.day.GARD-MV.tasmax.zarr,tasmax,NorESM2-LM,historical,299.7101745605469,299.7101745605469,nan,bad_rechunk
GARD-MV,ScenarioMIP.MRI.MRI-ESM2-0.ssp245.r1i1p1f1.day.GARD-MV.pr.zarr,pr,MRI-ESM2-0,ssp245,5.474830627441406,5.474830627441406,5.474830627441406,ok
GARD-MV,ScenarioMIP.MRI.MRI-ESM2-0.ssp245.r1i1p1f1.day.GARD-MV.tasmax.zarr,tasmax,MRI-ESM2-0,ssp245,300.12335205078125,300.12335205078125,300.12335205078125,ok
GARD-SV,CMIP.BCC.BCC-CSM2-MR.historical.r1i1p1f1.day.GARD-SV.tasmax.zarr,tasmax,BCC-CSM2-MR,historical,299.3970031738281,299.3970031738281,299.3970031738281,ok
GARD-SV,CMIP.BCC.BCC-CSM2-MR.historical.r1i1p1f1.day.GARD-SV.tasmin.zarr,tasmin,BCC-CSM2-MR,historical,298.0513916015625,298.0513916015625,nan,bad_rechunk
GARD-SV,CMIP.CCCma.CanESM5.historical.r1i1p1f1.day.GARD-SV.pr.zarr,pr,CanESM5,historical,0.028782112523913383,0.028782112523913383,0.028782112523913383,ok
GARD-SV,CMIP.CCCma.CanESM5.historical.r1i1p1f1.day.GARD-SV.tasmax.zarr,tasmax,CanESM5,historical,298.66510009765625,298.66510009765625,nan,bad_rechunk
GARD-SV,CMIP.CCCma.CanESM5.historical.r1i1p1f1.day.GARD-SV.tasmin.zarr,tasmin,CanESM5,historical,297.988525390625,297.988525390625,nan,bad_rechunk
GARD-SV,CMIP.MIROC.MIROC6.historical.r1i1p1f1.day.GARD-SV.pr.zarr,pr,MIROC6,historical,3.559882640838623,3.559882640838623,3.559882640838623,ok
GARD-SV,CMIP.MIROC.MIROC6.historical.r1i1p1f1.day.GARD-SV.tasmax.zarr,tasmax,MIROC6,historical,299.5069274902344,299.5069274902344,nan,bad_rechunk
GARD-SV,CMIP.MIROC.MIROC6.historical.r1i1p1f1.day.GARD-SV.tasmin.zarr,tasmin,MIROC6,historical,298.0185241699219,298.0185241699219,nan,bad_rechunk
GARD-SV,CMIP.MPI-M.MPI-ESM1-2-HR.historical.r1i1p1f1.day.GARD-SV.pr.zarr,pr,MPI-ESM1-2-HR,historical,0.7455416917800903,0.7455416917800903,0.7455416917800903,ok
GARD-SV,CMIP.MPI-M.MPI-ESM1-2-HR.historical.r1i1p1f1.day.GARD-SV.tasmax.zarr,tasmax,MPI-ESM1-2-HR,historical,299.6739501953125,299.6739501953125,nan,bad_rechunk
GARD-SV,CMIP.MPI-M.MPI-ESM1-2-HR.historical.r1i1p1f1.day.GARD-SV.tasmin.zarr,tasmin,MPI-ESM1-2-HR,historical,298.22259521484375,298.22259521484375,nan,bad_rechunk
GARD-SV,CMIP.MRI.MRI-ESM2-0.historical.r1i1p1f1.day.GARD-SV.pr.zarr,pr,MRI-ESM2-0,historical,6.629247665405273,6.629247665405273,6.629247665405273,ok
GARD-SV,CMIP.MRI.MRI-ESM2-0.historical.r1i1p1f1.day.GARD-SV.tasmax.zarr,tasmax,MRI-ESM2-0,historical,300.5438232421875,300.5438232421875,nan,bad_rechunk
GARD-SV,CMIP.MRI.MRI-ESM2-0.historical.r1i1p1f1.day.GARD-SV.tasmin.zarr,tasmin,MRI-ESM2-0,historical,298.9552917480469,298.9552917480469,nan,bad_rechunk
GARD-SV,ScenarioMIP.BCC.BCC-CSM2-MR.ssp245.r1i1p1f1.day.GARD-SV.tasmax.zarr,tasmax,BCC-CSM2-MR,ssp245,299.60498046875,299.60498046875,nan,bad_rechunk
GARD-SV,ScenarioMIP.BCC.BCC-CSM2-MR.ssp245.r1i1p1f1.day.GARD-SV.tasmin.zarr,tasmin,BCC-CSM2-MR,ssp245,298.1936950683594,298.1936950683594,nan,bad_rechunk
GARD-SV,ScenarioMIP.BCC.BCC-CSM2-MR.ssp370.r1i1p1f1.day.GARD-SV.tasmax.zarr,tasmax,BCC-CSM2-MR,ssp370,299.8440856933594,299.8440856933594,nan,bad_rechunk
GARD-SV,ScenarioMIP.BCC.BCC-CSM2-MR.ssp370.r1i1p1f1.day.GARD-SV.tasmin.zarr,tasmin,BCC-CSM2-MR,ssp370,298.3584289550781,298.3584289550781,nan,bad_rechunk
GARD-SV,ScenarioMIP.BCC.BCC-CSM2-MR.ssp585.r1i1p1f1.day.GARD-SV.tasmax.zarr,tasmax,BCC-CSM2-MR,ssp585,300.1481018066406,300.1481018066406,nan,bad_rechunk
GARD-SV,ScenarioMIP.BCC.BCC-CSM2-MR.ssp585.r1i1p1f1.day.GARD-SV.tasmin.zarr,tasmin,BCC-CSM2-MR,ssp585,298.5592041015625,298.5592041015625,nan,bad_rechunk
GARD-SV,ScenarioMIP.CCCma.CanESM5.ssp245.r1i1p1f1.day.GARD-SV.pr.zarr,pr,CanESM5,ssp245,5.76223087310791,5.76223087310791,5.76223087310791,ok
GARD-SV,ScenarioMIP.CCCma.CanESM5.ssp245.r1i1p1f1.day.GARD-SV.tasmax.zarr,tasmax,CanESM5,ssp245,300.1632995605469,300.1632995605469,nan,bad_rechunk
GARD-SV,ScenarioMIP.CCCma.CanESM5.ssp245.r1i1p1f1.day.GARD-SV.tasmin.zarr,tasmin,CanESM5,ssp245,298.71771240234375,298.71771240234375,nan,bad_rechunk
GARD-SV,ScenarioMIP.CCCma.CanESM5.ssp370.r1i1p1f1.day.GARD-SV.pr.zarr,pr,CanESM5,ssp370,6.828800201416016,6.828800201416016,6.828800201416016,ok
GARD-SV,ScenarioMIP.CCCma.CanESM5.ssp370.r1i1p1f1.day.GARD-SV.tasmax.zarr,tasmax,CanESM5,ssp370,300.2944030761719,300.2944030761719,nan,bad_rechunk
GARD-SV,ScenarioMIP.CCCma.CanESM5.ssp370.r1i1p1f1.day.GARD-SV.tasmin.zarr,tasmin,CanESM5,ssp370,298.9591979980469,298.9591979980469,nan,bad_rechunk
GARD-SV,ScenarioMIP.CCCma.CanESM5.ssp585.r1i1p1f1.day.GARD-SV.pr.zarr,pr,CanESM5,ssp585,6.627755165100098,6.627755165100098,6.627755165100098,ok
GARD-SV,ScenarioMIP.CCCma.CanESM5.ssp585.r1i1p1f1.day.GARD-SV.tasmax.zarr,tasmax,CanESM5,ssp585,300.62384033203125,300.62384033203125,nan,bad_rechunk
GARD-SV,ScenarioMIP.CCCma.CanESM5.ssp585.r1i1p1f1.day.GARD-SV.tasmin.zarr,tasmin,CanESM5,ssp585,299.363525390625,299.363525390625,nan,bad_rechunk
GARD-SV,ScenarioMIP.DKRZ.MPI-ESM1-2-HR.ssp245.r1i1p1f1.day.GARD-SV.pr.zarr,pr,MPI-ESM1-2-HR,ssp245,1.0405330657958984,1.0405330657958984,1.0405330657958984,ok
GARD-SV,ScenarioMIP.DKRZ.MPI-ESM1-2-HR.ssp245.r1i1p1f1.day.GARD-SV.tasmax.zarr,tasmax,MPI-ESM1-2-HR,ssp245,300.3975524902344,300.3975524902344,nan,bad_rechunk
GARD-SV,ScenarioMIP.DKRZ.MPI-ESM1-2-HR.ssp245.r1i1p1f1.day.GARD-SV.tasmin.zarr,tasmin,MPI-ESM1-2-HR,ssp245,298.31048583984375,298.31048583984375,nan,bad_rechunk
GARD-SV,ScenarioMIP.DKRZ.MPI-ESM1-2-HR.ssp370.r1i1p1f1.day.GARD-SV.pr.zarr,pr,MPI-ESM1-2-HR,ssp370,0.9450535774230957,0.9450535774230957,0.9450535774230957,ok
GARD-SV,ScenarioMIP.DKRZ.MPI-ESM1-2-HR.ssp370.r1i1p1f1.day.GARD-SV.tasmax.zarr,tasmax,MPI-ESM1-2-HR,ssp370,300.5224914550781,300.5224914550781,nan,bad_rechunk
GARD-SV,ScenarioMIP.DKRZ.MPI-ESM1-2-HR.ssp370.r1i1p1f1.day.GARD-SV.tasmin.zarr,tasmin,MPI-ESM1-2-HR,ssp370,298.4736328125,298.4736328125,nan,bad_rechunk
GARD-SV,ScenarioMIP.DKRZ.MPI-ESM1-2-HR.ssp585.r1i1p1f1.day.GARD-SV.pr.zarr,pr,MPI-ESM1-2-HR,ssp585,1.09872305393219,1.09872305393219,1.09872305393219,ok
GARD-SV,ScenarioMIP.DKRZ.MPI-ESM1-2-HR.ssp585.r1i1p1f1.day.GARD-SV.tasmax.zarr,tasmax,MPI-ESM1-2-HR,ssp585,300.5985107421875,300.5985107421875,nan,bad_rechunk
GARD-SV,ScenarioMIP.DKRZ.MPI-ESM1-2-HR.ssp585.r1i1p1f1.day.GARD-SV.tasmin.zarr,tasmin,MPI-ESM1-2-HR,ssp585,298.5906982421875,298.5906982421875,nan,bad_rechunk
GARD-SV,ScenarioMIP.MIROC.MIROC6.ssp245.r1i1p1f1.day.GARD-SV.tasmax.zarr,tasmax,MIROC6,ssp245,300.1524658203125,300.1524658203125,300.1524658203125,ok
GARD-SV,ScenarioMIP.MIROC.MIROC6.ssp245.r1i1p1f1.day.GARD-SV.tasmin.zarr,tasmin,MIROC6,ssp245,298.9761657714844,298.9761657714844,nan,bad_rechunk
GARD-SV,ScenarioMIP.MIROC.MIROC6.ssp370.r1i1p1f1.day.GARD-SV.tasmax.zarr,tasmax,MIROC6,ssp370,300.4965515136719,300.4965515136719,300.4965515136719,ok
GARD-SV,ScenarioMIP.MIROC.MIROC6.ssp370.r1i1p1f1.day.GARD-SV.tasmin.zarr,tasmin,MIROC6,ssp370,299.2190246582031,299.2190246582031,nan,bad_rechunk
GARD-SV,ScenarioMIP.MIROC.MIROC6.ssp585.r1i1p1f1.day.GARD-SV.pr.zarr,pr,MIROC6,ssp585,6.12642543273978e-05,6.12642543273978e-05,6.12642543273978e-05,ok
GARD-SV,ScenarioMIP.MIROC.MIROC6.ssp585.r1i1p1f1.day.GARD-SV.tasmax.zarr,tasmax,MIROC6,ssp585,300.5055847167969,300.5055847167969,nan,bad_rechunk
GARD-SV,ScenarioMIP.MIROC.MIROC6.ssp585.r1i1p1f1.day.GARD-SV.tasmin.zarr,tasmin,MIROC6,ssp585,299.2294616699219,299.2294616699219,299.2294616699219,ok
GARD-SV,ScenarioMIP.MRI.MRI-ESM2-0.ssp245.r1i1p1f1.day.GARD-SV.pr.zarr,pr,MRI-ESM2-0,ssp245,8.877276420593262,8.877276420593262,8.877276420593262,ok
GARD-SV,ScenarioMIP.MRI.MRI-ESM2-0.ssp245.r1i1p1f1.day.GARD-SV.tasmax.zarr,tasmax,MRI-ESM2-0,ssp245,300.12353515625,300.12353515625,300.12353515625,ok
GARD-SV,ScenarioMIP.MRI.MRI-ESM2-0.ssp245.r1i1p1f1.day.GARD-SV.tasmin.zarr,tasmin,MRI-ESM2-0,ssp245,298.36419677734375,298.36419677734375,nan,bad_rechunk
GARD-SV,ScenarioMIP.MRI.MRI-ESM2-0.ssp370.r1i1p1f1.day.GARD-SV.pr.zarr,pr,MRI-ESM2-0,ssp370,8.807500839233398,8.807500839233398,8.807500839233398,ok
MACA,CMIP.MRI.MRI-ESM2-0.historical.r1i1p1f1.day.MACA.pr.zarr,pr,MRI-ESM2-0,historical,nan,nan,nan,bad_original_write
MACA,CMIP.MRI.MRI-ESM2-0.historical.r1i1p1f1.day.MACA.tasmax.zarr,tasmax,MRI-ESM2-0,historical,nan,nan,nan,bad_original_write
MACA,CMIP.MRI.MRI-ESM2-0.historical.r1i1p1f1.day.MACA.tasmin.zarr,tasmin,MRI-ESM2-0,historical,nan,nan,nan,bad_original_write
MACA,CMIP.NCC.NorESM2-LM.historical.r1i1p1f1.day.MACA.pr.zarr,pr,NorESM2-LM,historical,nan,nan,nan,bad_original_write
MACA,CMIP.NCC.NorESM2-LM.historical.r1i1p1f1.day.MACA.tasmax.zarr,tasmax,NorESM2-LM,historical,nan,nan,nan,bad_original_write
MACA,CMIP.NCC.NorESM2-LM.historical.r1i1p1f1.day.MACA.tasmin.zarr,tasmin,NorESM2-LM,historical,nan,nan,nan,bad_original_write
MACA,ScenarioMIP.MRI.MRI-ESM2-0.ssp245.r1i1p1f1.day.MACA.tasmax.zarr,tasmax,MRI-ESM2-0,ssp245,nan,nan,nan,bad_original_write
MACA,ScenarioMIP.MRI.MRI-ESM2-0.ssp245.r1i1p1f1.day.MACA.tasmin.zarr,tasmin,MRI-ESM2-0,ssp245,nan,nan,nan,bad_original_write
MACA,ScenarioMIP.MRI.MRI-ESM2-0.ssp585.r1i1p1f1.day.MACA.pr.zarr,pr,MRI-ESM2-0,ssp585,nan,nan,nan,bad_original_write
MACA,ScenarioMIP.MRI.MRI-ESM2-0.ssp585.r1i1p1f1.day.MACA.tasmax.zarr,tasmax,MRI-ESM2-0,ssp585,nan,nan,nan,bad_original_write
MACA,ScenarioMIP.NCC.NorESM2-LM.ssp245.r1i1p1f1.day.MACA.pr.zarr,pr,NorESM2-LM,ssp245,nan,nan,nan,bad_original_write
MACA,ScenarioMIP.NCC.NorESM2-LM.ssp245.r1i1p1f1.day.MACA.tasmax.zarr,tasmax,NorESM2-LM,ssp245,nan,nan,nan,bad_original_write
MACA,ScenarioMIP.NCC.NorESM2-LM.ssp245.r1i1p1f1.day.MACA.tasmin.zarr,tasmin,NorESM2-LM,ssp245,nan,nan,nan,bad_original_write
